{
  "evaluation_date": "2025-11-27 22:19:39",
  "system_version": "2.0",
  "modalities": [
    "Pneumonia Detection",
    "Skin Lesion Segmentation"
  ],
  "results": {
    "pneumonia": {
      "accuracy": 0.9783599088838268,
      "precision": 0.9785796155327524,
      "recall": 0.9783599088838268,
      "f1_score": 0.9784304878957936,
      "confusion_matrix": [
        [
          230,
          7
        ],
        [
          12,
          629
        ]
      ],
      "avg_inference_time": 0.027776522295815603,
      "total_samples": 878
    }
  }
}